<config>
    <menu>
        <sales>
            <children>
                <lb_filter module="lb_paymentfilter">
                    <sort_order>15</sort_order>
                    <title>Payment Filter Rules</title>
                    <action>lbpaymentfilter/adminhtml_rule</action>
                </lb_filter>
            </children>
        </sales>
    </menu>
    <acl>
        <resources>
            <admin>
                <children>
                    <sales>
                        <children>
                            <lb_filter module="lb_paymentfilter">
                                <sort_order>15</sort_order>
                                <title>Payment Filter Rules</title>
                            </lb_filter>
                        </children>
                    </sales>
                    <system>
                        <children>
                            <config>
                                <children>
                                    <lotusbreath_paymentfilter>
                                        <title>Lotusbreath - Payment Filter Rules</title>
                                    </lotusbreath_paymentfilter>
                                </children>
                            </config>
                        </children>
                    </system>
                </children>
            </admin>
        </resources>
    </acl>
</config>