<config>
    <tabs>
        <lotusbreath translate="label" module="lb_paymentfilter">
            <label>Lotus Breath</label>
            <sort_order>100</sort_order>
        </lotusbreath>
    </tabs>
    <sections>
        <lotusbreath_paymentfilter translate="label" module="lb_paymentfilter">
            <class>separator-top</class>
            <label>Payment Filter</label>
            <tab>lotusbreath</tab>
            <sort_order>130</sort_order>
            <show_in_default>1</show_in_default>
            <show_in_website>1</show_in_website>
            <show_in_store>1</show_in_store>
            <groups>
                <general>
                    <label>General</label>
                    <frontend_type>text</frontend_type>
                    <sort_order>1</sort_order>
                    <show_in_default>1</show_in_default>
                    <show_in_website>1</show_in_website>
                    <show_in_store>1</show_in_store>
                    <fields>
                        <enabled translate="label comment">
                            <label>Enabled</label>
                            <frontend_type>select</frontend_type>
                            <source_model>adminhtml/system_config_source_yesno</source_model>
                            <sort_order>1</sort_order>
                            <show_in_default>1</show_in_default>
                            <show_in_website>1</show_in_website>
                            <show_in_store>1</show_in_store>
                        </enabled>
                    </fields>
                 </general>
                </groups>
            </lotusbreath_paymentfilter>
        </sections>
    </config>
