<?xml version="1.0" encoding="UTF-8"?>
<!--
/**
 * Netzarbeiter
 *
 * NOTICE OF LICENSE
 *
 * This source file is subject to the Open Software License (OSL 3.0)
 * that is bundled with this package in the file LICENSE.txt.
 * It is also available through the world-wide-web at this URL:
 * http://opensource.org/licenses/osl-3.0.php
 *
 * DISCLAIMER
 *
 * Do not edit or add to this file if you wish to upgrade this Module to
 * newer versions in the future.
 *
 * @category   Netzarbeiter
 * @package    Netzarbeiter_GroupsCatalog2
 * @copyright  Copyright (c) 2014 Vinai Kopp http://netzarbeiter.com
 * @license    http://opensource.org/licenses/osl-3.0.php  Open Software License (OSL 3.0)
 */
-->
<config>
	<acl>
		<resources>
			<admin>
				<children>
					<system>
						<children>
							<config>
								<children>
									<netzarbeiter_groupscatalog2 translate="title" module="netzarbeiter_groupscatalog2">
										<title>Groups Catalog 2</title>
										<sort_order>130</sort_order>
									</netzarbeiter_groupscatalog2>
								</children>
							</config>
							<tools>
								<children>
									<netzarbeiter_groupscatalog2 translate="title" module="netzarbeiter_groupscatalog2">
										<title>Groups Catalog 2</title>
										<sort_order>200</sort_order>
									</netzarbeiter_groupscatalog2>
								</children>
							</tools>
						</children>
					</system>
				</children>
			</admin>
		</resources>
	</acl>
	<menu>
		<system>
			<children>
				<tools>
					<children>
						<netzarbeiter_groupscatalog2 translate="title" module="netzarbeiter_groupscatalog2">
							<title>Groups Catalog 2 Migration</title>
							<sort_order>200</sort_order>
							<action>adminhtml/netzarbeiter_groupsCatalog2_migration</action>
						</netzarbeiter_groupscatalog2>
					</children>
				</tools>
			</children>
		</system>
	</menu>
</config>